{
  "timestamp": "20251206_163047",
  "predictions_count": 292,
  "residual_stats": {
    "mean": -658.8489806292808,
    "std": 27828.24707390395,
    "min": -163079.96875,
    "max": 153151.0,
    "median": -675.6171875
  },
  "prediction_stats": {
    "mean": 179498.65625,
    "std": 79331.4140625,
    "min": 47886.42578125,
    "max": 630495.6875
  },
  "actual_stats": {
    "mean": 178839.81164383562,
    "std": 87730.75125912335,
    "min": 35311.0,
    "max": 755000.0
  }
}